日付,時間,診察券番号,氏名,担当,メニュー,状態
2026/01/05,10:00,1001,テスト 一郎,鈴木,保険施術,来院
2026/01/05,11:00,1002,テスト 二郎,豊田,自費整体,来院
2026/01/19,10:00,1001,テスト 一郎,鈴木,保険施術,来院
2026/02/02,15:00,1003,テスト 三子,小瀬野,保険施術,来院
2026/02/16,15:00,1003,テスト 三子,小瀬野,保険施術,キャンセル
2026/03/02,10:00,1004,テスト 四郎,鈴木,自費整体,来院
2026/04/06,10:00,1005,テスト 五子,豊田,保険施術,来院
2026/04/19,11:00,1002,テスト 二郎,豊田,自費整体,来院
2026/04/20,11:00,1001,テスト 一郎,鈴木,保険施術,来院
2026/04/21,16:00,1006,テスト 六郎,小瀬野,保険施術,無断キャンセル
2026/05/01,10:00,1003,テスト 三子,小瀬野,保険施術,来院
2026/05/11,10:00,1007,テスト 七子,鈴木,保険施術,来院
2026/05/11,10:30,01007,テスト 七子,鈴木,自費整体,来院
2026/06/01,09:00,,飛び込み,豊田,保険施術,来院
2026/06/15,10:00,1005,テスト 五子,豊田,保険施術,来院
2026/07/06,14:00,1008,テスト 八郎,小瀬野,自費整体,来院
2026/08/03,10:00,1004,テスト 四郎,鈴木,自費整体,来院
2026/09/07,10:00,1007,テスト 七子,鈴木,保険施術,来院
2026/09/14,11:00,1009,テスト 九子,豊田,保険施術,来院
2026/09/28,10:00,1008,テスト 八郎,小瀬野,自費整体,来院
